split_dir,split_name,method,val_mae_mean,val_mae_std,val_mrae_mean,val_mrae_std,val_r2_mean,val_r2_std,test_mae_mean,test_mae_std,test_mrae_mean,test_mrae_std,test_r2_mean,test_r2_std,val_mae_count,val_mrae_count,val_r2_count,test_mae_count,test_mrae_count,test_r2_count
category,Antimonides,ALIGNN,0.27878743410110474,,0.24843361973762512,,0.39498257637023926,,0.27878743410110474,,0.24843361973762512,,0.39498257637023926,,1,1,1,1,1,1
category,Antimonides,CartNet,0.7680661082267761,,0.7159790396690369,,-2.259273052215576,,0.7680660486221313,,0.7159790396690369,,-2.259272813796997,,1,1,1,1,1,1
category,Antimonides,CGCNN,0.9391998648643494,,0.9883992671966553,,-8.422381401062012,,0.9391998648643494,,0.9883992671966553,,-8.422381401062012,,1,1,1,1,1,1
category,Antimonides,CHGNet,0.4559134244918823,,0.44274041056632996,,-0.45173513889312744,,0.4559134840965271,,0.44274044036865234,,-0.4517357051372528,,1,1,1,1,1,1
category,Antimonides,LEFTNet,0.47217443585395813,,0.5548797249794006,,-0.9594758152961731,,0.47217443585395813,,0.5548798441886902,,-0.9594758152961731,,1,1,1,1,1,1
category,Arsenides,ALIGNN,0.4368479549884796,,0.38055744767189026,,-0.4892464876174927,,0.4368479549884796,,0.38055744767189026,,-0.4892464876174927,,1,1,1,1,1,1
category,Arsenides,CartNet,0.5171499252319336,,0.400672048330307,,-1.6166751384735107,,0.5171499252319336,,0.4006720185279846,,-1.6166751384735107,,1,1,1,1,1,1
category,Arsenides,CGCNN,0.6014128923416138,,0.5018525123596191,,-1.5589656829833984,,0.6014128923416138,,0.5018525123596191,,-1.5589656829833984,,1,1,1,1,1,1
category,Arsenides,CHGNet,0.504600465297699,,0.4695392847061157,,-1.5644876956939697,,0.5046004056930542,,0.46953922510147095,,-1.5644876956939697,,1,1,1,1,1,1
category,Arsenides,LEFTNet,0.5669946074485779,,0.4982219934463501,,-1.2073850631713867,,0.5669946074485779,,0.4982220232486725,,-1.2073850631713867,,1,1,1,1,1,1
category,Carbides,ALIGNN,0.7300054430961609,,0.27174922823905945,,-0.9962068796157837,,0.7300054430961609,,0.27174922823905945,,-0.9962068796157837,,1,1,1,1,1,1
category,Carbides,CartNet,0.6346989870071411,,0.2500234544277191,,-0.2593623399734497,,0.6346988677978516,,0.2500234544277191,,-0.25936198234558105,,1,1,1,1,1,1
category,Carbides,CGCNN,1.462882399559021,,0.5901561975479126,,-6.931164264678955,,1.462882399559021,,0.5901561975479126,,-6.931164264678955,,1,1,1,1,1,1
category,Carbides,CHGNet,0.6241044402122498,,0.23581330478191376,,-0.26920533180236816,,0.6241044998168945,,0.23581337928771973,,-0.26920509338378906,,1,1,1,1,1,1
category,Carbides,LEFTNet,0.6309258341789246,,0.25503242015838623,,-0.22329378128051758,,0.6309258341789246,,0.2550324499607086,,-0.22329401969909668,,1,1,1,1,1,1
category,Chalcogenides,ALIGNN,0.633712112903595,,0.3117425739765167,,-0.07658576965332031,,0.633712112903595,,0.3117425739765167,,-0.07658576965332031,,1,1,1,1,1,1
category,Chalcogenides,CartNet,0.6008279323577881,,0.31844815611839294,,0.09154582768678665,,0.6008279323577881,,0.31844815611839294,,0.11295910179615021,,1,1,1,1,1,1
category,Chalcogenides,CGCNN,0.6214814782142639,,0.3287818431854248,,-0.06337662041187286,,0.6214814782142639,,0.3287818431854248,,-0.06337662041187286,,1,1,1,1,1,1
category,Chalcogenides,CHGNet,0.5027748346328735,,0.2786756157875061,,0.31867823004722595,,0.5027748346328735,,0.2786756157875061,,0.31867820024490356,,1,1,1,1,1,1
category,Chalcogenides,LEFTNet,0.5113821029663086,,0.268606573343277,,0.28234216570854187,,0.5113821029663086,,0.268606573343277,,0.28234219551086426,,1,1,1,1,1,1
category,Halides,ALIGNN,0.8353966474533081,,0.4019060730934143,,-0.32770559191703796,,0.8353966474533081,,0.4019060730934143,,-0.32770559191703796,,1,1,1,1,1,1
category,Halides,CartNet,0.8790109753608704,,0.42237019538879395,,-0.3590673506259918,,0.8790109753608704,,0.42237019538879395,,-0.44087934494018555,,1,1,1,1,1,1
category,Halides,CGCNN,0.8401261568069458,,0.3911536931991577,,-0.26264119148254395,,0.8401261568069458,,0.3911536931991577,,-0.26264119148254395,,1,1,1,1,1,1
category,Halides,CHGNet,0.7556079626083374,,0.40966716408729553,,-0.06397106498479843,,0.7556079626083374,,0.40966716408729553,,-0.06397099047899246,,1,1,1,1,1,1
category,Halides,LEFTNet,0.7095425724983215,,0.36278942227363586,,0.10559699684381485,,0.7095425128936768,,0.3627893626689911,,0.10559716820716858,,1,1,1,1,1,1
category,Hydrides,ALIGNN,0.7872101664543152,,0.3942335844039917,,0.23488986492156982,,0.7872101664543152,,0.3942335844039917,,0.23488986492156982,,1,1,1,1,1,1
category,Hydrides,CartNet,0.9662224650382996,,0.5420699715614319,,-0.15654361248016357,,0.9662225842475891,,0.5420700311660767,,-0.15654373168945312,,1,1,1,1,1,1
category,Hydrides,CGCNN,0.7895163297653198,,0.35689669847488403,,0.28396713733673096,,0.7895163297653198,,0.35689669847488403,,0.28396713733673096,,1,1,1,1,1,1
category,Hydrides,CHGNet,0.606455385684967,,0.3549898862838745,,0.5240311026573181,,0.6064552068710327,,0.3549898564815521,,0.5240311622619629,,1,1,1,1,1,1
category,Hydrides,LEFTNet,0.6093748211860657,,0.2987975478172302,,0.6186822056770325,,0.609375,,0.2987975776195526,,0.6186820268630981,,1,1,1,1,1,1
category,Nitrides,ALIGNN,1.1527601480484009,,0.5086837410926819,,-0.5055283308029175,,1.1527601480484009,,0.5086837410926819,,-0.5055283308029175,,1,1,1,1,1,1
category,Nitrides,CartNet,1.2947214841842651,,0.8241033554077148,,-2.4317009449005127,,1.2947218418121338,,0.8241034746170044,,-2.4317023754119873,,1,1,1,1,1,1
category,Nitrides,CGCNN,0.9692147374153137,,0.4469393193721771,,-0.12235057353973389,,0.9692147374153137,,0.4469393193721771,,-0.12235057353973389,,1,1,1,1,1,1
category,Nitrides,CHGNet,0.7530585527420044,,0.4441779553890228,,0.23028963804244995,,0.753058671951294,,0.4441779553890228,,0.23028956353664398,,1,1,1,1,1,1
category,Nitrides,LEFTNet,0.9388620853424072,,0.48844969272613525,,-0.1490999460220337,,0.9388620853424072,,0.48844969272613525,,-0.14910006523132324,,1,1,1,1,1,1
category,Oxides,ALIGNN,0.8827348947525024,,0.33958640694618225,,-0.30427008867263794,,0.8827348947525024,,0.33958640694618225,,-0.30427008867263794,,1,1,1,1,1,1
category,Oxides,CartNet,1.0404870510101318,,0.3707600235939026,,-0.6135959029197693,,1.0404871702194214,,0.370760053396225,,-0.6552127599716187,,1,1,1,1,1,1
category,Oxides,CGCNN,1.5224251747131348,,0.49300116300582886,,-2.7583792209625244,,1.5224251747131348,,0.49300116300582886,,-2.7583792209625244,,1,1,1,1,1,1
category,Oxides,CHGNet,0.7029910087585449,,0.287362277507782,,0.06536192446947098,,0.7029910087585449,,0.287362277507782,,0.06536192446947098,,1,1,1,1,1,1
category,Oxides,LEFTNet,0.7280338406562805,,0.2860671579837799,,0.07188493013381958,,0.7280336618423462,,0.2860671579837799,,0.07188496738672256,,1,1,1,1,1,1
category,Phosphides,ALIGNN,0.6274493336677551,,0.3940871059894562,,-0.06491589546203613,,0.6274493336677551,,0.3940871059894562,,-0.06491589546203613,,1,1,1,1,1,1
category,Phosphides,CartNet,0.6374688744544983,,0.43461039662361145,,-0.12945568561553955,,0.6374688744544983,,0.43461042642593384,,-0.12945568561553955,,1,1,1,1,1,1
category,Phosphides,CGCNN,0.6045575737953186,,0.37549400329589844,,-0.12150692939758301,,0.6045575737953186,,0.37549400329589844,,-0.12150692939758301,,1,1,1,1,1,1
category,Phosphides,CHGNet,0.5598391890525818,,0.36857908964157104,,-0.03439760208129883,,0.559839129447937,,0.36857908964157104,,-0.034397125244140625,,1,1,1,1,1,1
category,Phosphides,LEFTNet,0.5150955319404602,,0.36949270963668823,,0.01809990406036377,,0.515095591545105,,0.36949270963668823,,0.01809990406036377,,1,1,1,1,1,1
category,Silicides,ALIGNN,0.3723374009132385,,0.3834128677845001,,0.2298564910888672,,0.3723374009132385,,0.3834128677845001,,0.2298564910888672,,1,1,1,1,1,1
category,Silicides,CartNet,0.5732805132865906,,0.6192196607589722,,-0.9697965383529663,,0.5732805728912354,,0.6192197203636169,,-0.9697967767715454,,1,1,1,1,1,1
category,Silicides,CGCNN,2.0774500370025635,,2.661318302154541,,-29.172693252563477,,2.0774500370025635,,2.661318302154541,,-29.172693252563477,,1,1,1,1,1,1
category,Silicides,CHGNet,0.6854143738746643,,0.9721323251724243,,-2.279184579849243,,0.6854145526885986,,0.9721325039863586,,-2.2791860103607178,,1,1,1,1,1,1
category,Silicides,LEFTNet,0.7479960918426514,,0.895766019821167,,-1.996906042098999,,0.7479961514472961,,0.895766019821167,,-1.99690580368042,,1,1,1,1,1,1
category_no_pretrain,Antimonides,ALIGNN,0.4264027178287506,,0.3503594398498535,,-0.41381359100341797,,0.4264027178287506,,0.3503594398498535,,-0.41381359100341797,,1,1,1,1,1,1
category_no_pretrain,Antimonides,CartNet,0.4765184819698334,,0.38718244433403015,,-0.6206245422363281,,0.47651851177215576,,0.38718241453170776,,-0.6206245422363281,,1,1,1,1,1,1
category_no_pretrain,Antimonides,CGCNN,0.7800582647323608,,0.6798067092895508,,-2.9689836502075195,,0.7800582647323608,,0.6798067092895508,,-2.9689836502075195,,1,1,1,1,1,1
category_no_pretrain,Antimonides,CHGNet,0.5397070050239563,,0.3757445514202118,,-1.083092451095581,,0.5397070050239563,,0.3757445216178894,,-1.0830926895141602,,1,1,1,1,1,1
category_no_pretrain,Antimonides,LEFTNet,0.7480491995811462,,0.6871442794799805,,-2.016573667526245,,0.7480491995811462,,0.6871442794799805,,-2.016573667526245,,1,1,1,1,1,1
category_no_pretrain,Antimonides,Linear Regression,0.8548483966562931,,0.80501525899297,,-2.8671132856345096,,0.8548483966562931,,0.80501525899297,,-2.8671132856345096,,1,1,1,1,1,1
category_no_pretrain,Antimonides,Random Forest,0.7820846540997746,,0.792338840243525,,-1.9978304116558974,,0.7820846540997746,,0.792338840243525,,-1.9978304116558974,,1,1,1,1,1,1
category_no_pretrain,Antimonides,Support Vector Regression,0.6663376401367446,,0.632119514881007,,-2.0786406854075006,,0.6663376401367446,,0.632119514881007,,-2.0786406854075006,,1,1,1,1,1,1
category_no_pretrain,Arsenides,ALIGNN,0.344869464635849,,0.2885705828666687,,0.23744016885757446,,0.344869464635849,,0.2885705828666687,,0.23744016885757446,,1,1,1,1,1,1
category_no_pretrain,Arsenides,CartNet,0.43010902404785156,,0.3584222197532654,,-0.3634716272354126,,0.43010902404785156,,0.3584222197532654,,-0.3634718656539917,,1,1,1,1,1,1
category_no_pretrain,Arsenides,CGCNN,0.5041890144348145,,0.5455613136291504,,-1.6505053043365479,,0.5041890144348145,,0.5455613136291504,,-1.6505053043365479,,1,1,1,1,1,1
category_no_pretrain,Arsenides,CHGNet,0.4153304100036621,,0.42575231194496155,,-0.26037585735321045,,0.4153304100036621,,0.42575228214263916,,-0.26037561893463135,,1,1,1,1,1,1
category_no_pretrain,Arsenides,LEFTNet,0.6161275506019592,,0.6204167604446411,,-1.8208777904510498,,0.6161274909973145,,0.6204166412353516,,-1.8208775520324707,,1,1,1,1,1,1
category_no_pretrain,Arsenides,Linear Regression,0.7118756599397983,,0.7079751813222527,,-2.8233622854167657,,0.7118756599397983,,0.7079751813222527,,-2.8233622854167657,,1,1,1,1,1,1
category_no_pretrain,Arsenides,Random Forest,0.5110445799924773,,0.4841372435345123,,-0.9274142568584092,,0.5110445799924773,,0.4841372435345123,,-0.9274142568584092,,1,1,1,1,1,1
category_no_pretrain,Arsenides,Support Vector Regression,0.6142511688600532,,0.6286504672410096,,-1.914035255365885,,0.6142511688600532,,0.6286504672410096,,-1.914035255365885,,1,1,1,1,1,1
category_no_pretrain,Carbides,ALIGNN,0.5262359380722046,,0.20671264827251434,,-0.06149399280548096,,0.5262359380722046,,0.20671264827251434,,-0.06149399280548096,,1,1,1,1,1,1
category_no_pretrain,Carbides,CartNet,0.32912778854370117,,0.10636807233095169,,0.3791276514530182,,0.32912778854370117,,0.1063680574297905,,0.37912774085998535,,1,1,1,1,1,1
category_no_pretrain,Carbides,CGCNN,0.5553004145622253,,0.21408964693546295,,0.000265657901763916,,0.5553004145622253,,0.21408964693546295,,0.000265657901763916,,1,1,1,1,1,1
category_no_pretrain,Carbides,CHGNet,0.479804128408432,,0.15676286816596985,,-0.2778698205947876,,0.479804128408432,,0.15676286816596985,,-0.2778698205947876,,1,1,1,1,1,1
category_no_pretrain,Carbides,LEFTNet,0.5371024012565613,,0.1987038403749466,,-0.43575477600097656,,0.5371024012565613,,0.1987038403749466,,-0.4357546269893646,,1,1,1,1,1,1
category_no_pretrain,Carbides,Linear Regression,0.8537129087970258,,0.3727193788428923,,-1.1180627154868215,,0.8537129087970258,,0.3727193788428923,,-1.1180627154868215,,1,1,1,1,1,1
category_no_pretrain,Carbides,Random Forest,0.6004392622198377,,0.2427183049526103,,-0.07981611316992532,,0.6004392622198377,,0.2427183049526103,,-0.07981611316992532,,1,1,1,1,1,1
category_no_pretrain,Carbides,Support Vector Regression,0.6429353008722283,,0.2520332840905683,,-0.3038416922993399,,0.6429353008722283,,0.2520332840905683,,-0.3038416922993399,,1,1,1,1,1,1
category_no_pretrain,Chalcogenides,ALIGNN,0.6563903093338013,,0.3417169749736786,,-0.1686619371175766,,0.6563903093338013,,0.3417169749736786,,-0.1686619371175766,,1,1,1,1,1,1
category_no_pretrain,Chalcogenides,CartNet,0.7261627316474915,,0.3648008108139038,,-0.3401097059249878,,0.7261626124382019,,0.3648008406162262,,-0.3526161015033722,,1,1,1,1,1,1
category_no_pretrain,Chalcogenides,CGCNN,0.6667126417160034,,0.39685526490211487,,-0.13106182217597961,,0.6667126417160034,,0.39685526490211487,,-0.13106182217597961,,1,1,1,1,1,1
category_no_pretrain,Chalcogenides,CHGNet,0.6441067457199097,,0.37173187732696533,,-0.07166172564029694,,0.6441067457199097,,0.3717319071292877,,-0.07166174799203873,,1,1,1,1,1,1
category_no_pretrain,Chalcogenides,LEFTNet,0.987670361995697,,0.4471556842327118,,-1.313861608505249,,0.987670361995697,,0.4471556842327118,,-1.3138612508773804,,1,1,1,1,1,1
category_no_pretrain,Chalcogenides,Linear Regression,0.614411481956459,,0.4091268786309289,,0.06160280212640268,,0.614411481956459,,0.4091268786309289,,0.06160280212640268,,1,1,1,1,1,1
category_no_pretrain,Chalcogenides,Random Forest,0.6193466245869307,,0.36554350390025314,,0.04983787936892925,,0.6193466245869307,,0.36554350390025314,,0.04983787936892925,,1,1,1,1,1,1
category_no_pretrain,Chalcogenides,Support Vector Regression,0.8104826707099774,,0.39923575732466315,,-0.5513704577548655,,0.8104826707099774,,0.39923575732466315,,-0.5513704577548655,,1,1,1,1,1,1
category_no_pretrain,Halides,ALIGNN,1.153074026107788,,0.44889888167381287,,-1.2230901718139648,,1.153074026107788,,0.44889888167381287,,-1.2230901718139648,,1,1,1,1,1,1
category_no_pretrain,Halides,CartNet,0.9681444764137268,,0.37039563059806824,,-0.685185968875885,,0.9681444764137268,,0.37039563059806824,,-0.7490116357803345,,1,1,1,1,1,1
category_no_pretrain,Halides,CGCNN,1.0127575397491455,,0.4046485126018524,,-0.755712628364563,,1.0127575397491455,,0.4046485126018524,,-0.755712628364563,,1,1,1,1,1,1
category_no_pretrain,Halides,CHGNet,0.931675374507904,,0.38451388478279114,,-0.5160499215126038,,0.931675374507904,,0.38451388478279114,,-0.5160499215126038,,1,1,1,1,1,1
category_no_pretrain,Halides,LEFTNet,1.2051397562026978,,0.4406179189682007,,-1.546553611755371,,1.2051397562026978,,0.4406179189682007,,-1.546553611755371,,1,1,1,1,1,1
category_no_pretrain,Halides,Linear Regression,1.1661064794092941,,0.4848821071150505,,-1.1060392566321462,,1.1661064794092941,,0.4848821071150505,,-1.1060392566321462,,1,1,1,1,1,1
category_no_pretrain,Halides,Random Forest,0.9403043860047118,,0.43999085070056987,,-0.3833145913191791,,0.9403043860047118,,0.43999085070056987,,-0.3833145913191791,,1,1,1,1,1,1
category_no_pretrain,Halides,Support Vector Regression,1.228992199277094,,0.4680116514499361,,-1.3407684260021457,,1.228992199277094,,0.4680116514499361,,-1.3407684260021457,,1,1,1,1,1,1
category_no_pretrain,Hydrides,ALIGNN,1.0457278490066528,,0.3921990394592285,,-0.22380197048187256,,1.0457278490066528,,0.3921990394592285,,-0.22380197048187256,,1,1,1,1,1,1
category_no_pretrain,Hydrides,CartNet,1.0711205005645752,,0.37856823205947876,,-0.4333961009979248,,1.0711205005645752,,0.378568172454834,,-0.43339598178863525,,1,1,1,1,1,1
category_no_pretrain,Hydrides,CGCNN,0.9251586198806763,,0.3752339482307434,,0.0021553635597229004,,0.9251586198806763,,0.3752339482307434,,0.0021553635597229004,,1,1,1,1,1,1
category_no_pretrain,Hydrides,CHGNet,1.239396333694458,,0.426544189453125,,-0.7201488018035889,,1.239396333694458,,0.426544189453125,,-0.7201488018035889,,1,1,1,1,1,1
category_no_pretrain,Hydrides,LEFTNet,1.0727620124816895,,0.39511018991470337,,-0.3075282573699951,,1.0727620124816895,,0.39511018991470337,,-0.30752813816070557,,1,1,1,1,1,1
category_no_pretrain,Hydrides,Linear Regression,2.340773582458496,,1.0133640766143799,,-8.970575332641602,,2.340773582458496,,1.0133640766143799,,-8.970575332641602,,1,1,1,1,1,1
category_no_pretrain,Hydrides,Random Forest,0.9241675619513676,,0.45279248919421594,,0.05189341278994142,,0.9241675619513676,,0.45279248919421594,,0.05189341278994142,,1,1,1,1,1,1
category_no_pretrain,Hydrides,Support Vector Regression,0.9416910966693981,,0.42703048105740293,,0.04443959991791602,,0.9416910966693981,,0.42703048105740293,,0.04443959991791602,,1,1,1,1,1,1
category_no_pretrain,Nitrides,ALIGNN,0.8272383809089661,,0.40760040283203125,,0.08063483238220215,,0.8272383809089661,,0.40760040283203125,,0.08063483238220215,,1,1,1,1,1,1
category_no_pretrain,Nitrides,CartNet,1.0918461084365845,,0.4671105146408081,,-0.5670998096466064,,1.0918461084365845,,0.4671105742454529,,-0.5671000480651855,,1,1,1,1,1,1
category_no_pretrain,Nitrides,CGCNN,1.0032967329025269,,0.5348594784736633,,-0.08584880828857422,,1.0032967329025269,,0.5348594784736633,,-0.08584880828857422,,1,1,1,1,1,1
category_no_pretrain,Nitrides,CHGNet,1.1814972162246704,,0.46828964352607727,,-0.6553113460540771,,1.1814972162246704,,0.46828970313072205,,-0.6553114652633667,,1,1,1,1,1,1
category_no_pretrain,Nitrides,LEFTNet,1.0032038688659668,,0.4650726914405823,,-0.13846361637115479,,1.0032038688659668,,0.46507275104522705,,-0.13846373558044434,,1,1,1,1,1,1
category_no_pretrain,Nitrides,Linear Regression,1.2755954265594482,,0.5612422823905945,,-0.7586050033569336,,1.2755954265594482,,0.5612422823905945,,-0.7586050033569336,,1,1,1,1,1,1
category_no_pretrain,Nitrides,Random Forest,1.0165484271269152,,0.7171538713072304,,-0.16237593382031967,,1.0165484271269152,,0.7171538713072304,,-0.16237593382031967,,1,1,1,1,1,1
category_no_pretrain,Nitrides,Support Vector Regression,0.8652961181851667,,0.5053097819274752,,0.07781309250418145,,0.8652961181851667,,0.5053097819274752,,0.07781309250418145,,1,1,1,1,1,1
category_no_pretrain,Oxides,ALIGNN,0.7538211345672607,,0.3137657940387726,,0.04352886974811554,,0.7538211345672607,,0.3137657940387726,,0.04352886974811554,,1,1,1,1,1,1
category_no_pretrain,Oxides,CartNet,1.0032755136489868,,0.35136693716049194,,-0.5526940822601318,,1.0032755136489868,,0.35136690735816956,,-0.5682661533355713,,1,1,1,1,1,1
category_no_pretrain,Oxides,CGCNN,0.8513365387916565,,0.3416203558444977,,-0.16300708055496216,,0.8513365387916565,,0.3416203558444977,,-0.16300708055496216,,1,1,1,1,1,1
category_no_pretrain,Oxides,CHGNet,0.9446685910224915,,0.3440321981906891,,-0.4244367778301239,,0.9446685910224915,,0.3440321981906891,,-0.4244367778301239,,1,1,1,1,1,1
category_no_pretrain,Oxides,LEFTNet,0.8496714234352112,,0.33406177163124084,,-0.17235374450683594,,0.8496714234352112,,0.33406180143356323,,-0.17235375940799713,,1,1,1,1,1,1
category_no_pretrain,Oxides,Linear Regression,0.7661460193311125,,0.3535898951420482,,0.0653304785256772,,0.7661460193311125,,0.3535898951420482,,0.0653304785256772,,1,1,1,1,1,1
category_no_pretrain,Oxides,Random Forest,1.040251243914673,,0.3504134086544194,,-0.6217874192412509,,1.040251243914673,,0.3504134086544194,,-0.6217874192412509,,1,1,1,1,1,1
category_no_pretrain,Oxides,Support Vector Regression,0.8256813731946433,,0.32051047371288655,,-0.05445947073687685,,0.8256813731946433,,0.32051047371288655,,-0.05445947073687685,,1,1,1,1,1,1
category_no_pretrain,Phosphides,ALIGNN,0.6013525724411011,,0.37558498978614807,,0.010621964931488037,,0.6013525724411011,,0.37558498978614807,,0.010621964931488037,,1,1,1,1,1,1
category_no_pretrain,Phosphides,CartNet,0.46072182059288025,,0.32312169671058655,,0.32697027921676636,,0.46072182059288025,,0.32312169671058655,,0.32697033882141113,,1,1,1,1,1,1
category_no_pretrain,Phosphides,CGCNN,0.5524799823760986,,0.42995014786720276,,0.028456151485443115,,0.5524799823760986,,0.42995014786720276,,0.028456151485443115,,1,1,1,1,1,1
category_no_pretrain,Phosphides,CHGNet,0.5976224541664124,,0.3879801332950592,,-0.08124136924743652,,0.5976224541664124,,0.3879801332950592,,-0.08124125748872757,,1,1,1,1,1,1
category_no_pretrain,Phosphides,LEFTNet,0.4354436695575714,,0.2911185622215271,,0.32720255851745605,,0.4354436695575714,,0.2911185324192047,,0.3272026777267456,,1,1,1,1,1,1
category_no_pretrain,Phosphides,Linear Regression,0.4197338658056871,,0.26776114294336634,,0.27388515034931726,,0.4197338658056871,,0.26776114294336634,,0.27388515034931726,,1,1,1,1,1,1
category_no_pretrain,Phosphides,Random Forest,0.5017460535238026,,0.37069727697409494,,0.2397095487897859,,0.5017460535238026,,0.37069727697409494,,0.2397095487897859,,1,1,1,1,1,1
category_no_pretrain,Phosphides,Support Vector Regression,0.48745935598947204,,0.2949393621165641,,0.27459731506005036,,0.48745935598947204,,0.2949393621165641,,0.27459731506005036,,1,1,1,1,1,1
category_no_pretrain,Silicides,ALIGNN,0.39296579360961914,,0.39998626708984375,,0.07777965068817139,,0.39296579360961914,,0.39998626708984375,,0.07777965068817139,,1,1,1,1,1,1
category_no_pretrain,Silicides,CartNet,0.9413039684295654,,1.0722087621688843,,-3.9523348808288574,,0.9413039684295654,,1.0722087621688843,,-3.952333927154541,,1,1,1,1,1,1
category_no_pretrain,Silicides,CGCNN,0.7876704931259155,,0.8671419024467468,,-2.059426784515381,,0.7876704931259155,,0.8671419024467468,,-2.059426784515381,,1,1,1,1,1,1
category_no_pretrain,Silicides,CHGNet,0.47363024950027466,,0.36013263463974,,-0.7424606084823608,,0.47363024950027466,,0.36013263463974,,-0.7424606084823608,,1,1,1,1,1,1
category_no_pretrain,Silicides,LEFTNet,0.3486809730529785,,0.4572073221206665,,0.20630425214767456,,0.3486810326576233,,0.4572073817253113,,0.2063043713569641,,1,1,1,1,1,1
category_no_pretrain,Silicides,Linear Regression,3.663048028945923,,4.0835466384887695,,-55.401214599609375,,3.663048028945923,,4.0835466384887695,,-55.401214599609375,,1,1,1,1,1,1
category_no_pretrain,Silicides,Random Forest,1.2229836960132348,,1.522744124768223,,-5.759135798233728,,1.2229836960132348,,1.522744124768223,,-5.759135798233728,,1,1,1,1,1,1
category_no_pretrain,Silicides,Support Vector Regression,1.3932877863526967,,1.7586726337507987,,-8.261412262535531,,1.3932877863526967,,1.7586726337507987,,-8.261412262535531,,1,1,1,1,1,1
finetune,,ALIGNN,0.5290326207876206,0.04680789605759095,0.26595449894666673,0.03172603719523471,0.48840848803520204,0.09594282380493353,0.5503302305936814,0.02998038007540646,0.27992838621139526,0.013045935249281807,0.40661223530769347,0.05101008656491968,10,10,10,10,10,10
finetune,,CartNet,0.6127292275428772,0.05748703317091585,0.3228705197572708,0.03293278663730329,0.2635250523686409,0.23371571649966214,0.6055115818977356,0.041891325399465135,0.30552518665790557,0.008594596175269717,0.27316313087940214,0.06181561977414194,10,10,10,10,10,10
finetune,,CGCNN,0.6209217548370362,0.07011494074922218,0.3222259134054184,0.05008558733604071,0.22684294879436492,0.2864633875638836,0.602999359369278,0.0383192020187706,0.29468888938426974,0.014243086810097219,0.23521726280450822,0.06793680703321522,10,10,10,10,10,10
finetune,,CHGNet,0.5348666608333588,0.052927351628238646,0.28923020213842393,0.03919481296659069,0.4723093509674072,0.1049018891196656,0.486237832903862,0.005097403375804481,0.2420806258916855,0.0038699348774259286,0.4866029739379883,0.013661444897553894,10,10,10,10,10,10
finetune,,LEFTNet,0.5195873796939849,0.04359109040355485,0.2799815222620964,0.0399243566584065,0.5122989535331726,0.10135063674433034,0.484590482711792,0.007069561542009652,0.24228681921958922,0.0031961871160707082,0.5074763566255569,0.01685651121679011,10,10,10,10,10,10
feature_ood,,ALIGNN,0.5236187875270844,0.034544159201607534,0.2638568416237831,0.02602687940662019,0.5169642865657806,0.0804581091634612,0.6494785428047181,0.041335329756945954,0.3229167699813843,0.011110444998557902,0.07019264107511844,0.0966967706637403,10,10,10,10,10,10
feature_ood,,CartNet,0.6554544568061829,0.19635355768091284,0.33561999499797823,0.059957097760131174,-3.853409670293331,13.269533651109073,0.6797076344490052,0.02615681549680952,0.3339249432086945,0.010727199263088804,-0.04116961024701595,0.08206801277535519,10,10,10,10,10,10
feature_ood,,CGCNN,0.5869574010372162,0.0398256019865177,0.31687450110912324,0.03837389004641004,0.30600539557635786,0.2341168749314172,0.6593388915061951,0.023397297630911324,0.3362853616476059,0.010938781853322624,0.019811547850258647,0.0406084255373892,10,10,10,10,10,10
feature_ood,,CHGNet,0.5243914932012558,0.02921642305664449,0.28440707474946975,0.02923614027350054,0.4985517203807831,0.07612499122435214,0.612034022808075,0.00928897079016621,0.32146377563476564,0.004020791046887779,0.11620608642697335,0.037777220664519454,10,10,10,10,10,10
feature_ood,,LEFTNet,0.5203997641801834,0.030260795948454072,0.2804574817419052,0.0315374981175408,0.5162301570177078,0.07063553447621489,0.551812881231308,0.00848376330148658,0.2805849194526672,0.0030485900559704816,0.32078048288822175,0.013449347977798037,10,10,10,10,10,10
feature_ood_no_pretrain,,ALIGNN,0.56515271961689,0.04831930164073436,0.2820988163352013,0.024328239790146734,0.45404034703969953,0.10155324248030329,0.7767143368721008,0.04493840797626277,0.39711485207080843,0.02994967266087949,-0.19586950466036795,0.14285878578217318,10,10,10,10,10,10
feature_ood_no_pretrain,,CartNet,0.6538602530956268,0.06105268910277287,0.3202886044979095,0.0325084903502604,0.19314662367105484,0.3411979395140304,0.7874842822551728,0.028146645681179184,0.37854849696159365,0.027605973970022193,-0.2703752160072327,0.06302772434495184,10,10,10,10,10,10
feature_ood_no_pretrain,,CGCNN,0.5764768838882446,0.040933496174443244,0.28956120908260347,0.02504789411244309,0.40638175904750823,0.09529605562028869,1.0794517934322356,0.36614663966907274,0.5708855032920838,0.20645674785299067,-2.1284507028758526,3.228428727669486,10,10,10,10,10,10
feature_ood_no_pretrain,,CHGNet,0.6082007944583893,0.03618412782569007,0.31700052320957184,0.03667449946935967,0.3492641434073448,0.10445164685981496,0.8498090326786041,0.09407299837865822,0.4010906845331192,0.050417538091788915,-0.4228973077144474,0.2835824681313045,10,10,10,10,10,10
feature_ood_no_pretrain,,LEFTNet,0.5925815165042877,0.03757235286396899,0.3036254793405533,0.02755664937152477,0.4068754017353058,0.088711666919925,0.8004311203956604,0.056535572431936874,0.4222156524658203,0.03276266987708479,-0.26036800965666773,0.15925321680431853,10,10,10,10,10,10
feature_ood_no_pretrain,,Linear Regression,4.473755115212045,12.111509337264655,2.3721047398985364,6.368367063648782,-21137.30490029726,66843.08968321652,6123181.764300496,19363197.837582134,1360707.3583054887,4302932.856810055,-8.915394914811822e+16,2.819295417068819e+17,10,10,10,10,10,10
feature_ood_no_pretrain,,Random Forest,0.5305162340487157,0.02184953020518967,0.2926097394630994,0.03223800781379927,0.5290608151143033,0.04916292095575738,0.7212550778830603,0.013022824659136931,0.3582933302307013,0.0064437153169538556,-0.04729198612594476,0.03643620485248426,10,10,10,10,10,10
feature_ood_no_pretrain,,Support Vector Regression,0.5282991709211893,0.027877461802168147,0.28683932529193135,0.02627035694648966,0.5007754500505646,0.0716084361553997,0.7923345330222794,0.037586865445347416,0.4250584685975343,0.031846212483848585,-0.24468950941558387,0.10221942036659462,10,10,10,10,10,10
split,chemsys,ALIGNN,0.5762695789337158,0.06292216464052212,0.28736850023269656,0.0328622753071869,0.41192988157272337,0.11806145651607909,0.5762695789337158,0.06292216464052212,0.28736850023269656,0.0328622753071869,0.41192988157272337,0.11806145651607909,10,10,10,10,10,10
split,chemsys,CartNet,,,,,,,0.6170860588550567,0.07584276193561797,0.32509982138872145,0.050829748577312574,0.24547180384397507,0.2852557700798238,0,0,0,10,10,10
split,chemsys,CGCNN,,,,,,,0.5619085907936097,0.04376717323768648,0.27523465901613237,0.02898199558812371,0.41123642548918726,0.14807024306617497,0,0,0,10,10,10
split,chemsys,CHGNet,0.5312491804361343,0.054298892974878096,0.2870601460337639,0.041264885012828934,0.4570959746837616,0.14617535350378708,0.5312491565942764,0.05429890443579048,0.28706013560295107,0.04126487587649139,0.4570959836244583,0.14617535723770259,10,10,10,10,10,10
split,chemsys,LEFTNet,0.528592836856842,0.06407046701666337,0.2832205846905708,0.042349329164991,0.4835155218839645,0.13452735681756509,0.5285928398370743,0.06407045573058208,0.28322059065103533,0.042349334479677016,0.4835155174136162,0.13452735573873875,10,10,10,10,10,10
split,crystalsys,ALIGNN,0.5787967400891441,0.08648121549304627,0.2980178190129144,0.04401651735063868,0.43056092091969084,0.139996886901041,0.5787967400891441,0.08648121549304627,0.2980178190129144,0.04401651735063868,0.43056092091969084,0.139996886901041,7,7,7,7,7,7
split,crystalsys,CartNet,,,,,,,0.6720746585300991,0.08962552160415115,0.3425373775618417,0.07065627931381278,-0.10405104128377778,1.013309614276577,0,0,0,7,7,7
split,crystalsys,CGCNN,,,,,,,0.6185718689646039,0.1301736843720663,0.3189928148474012,0.0843322050416661,0.20807693898677826,0.4024893172601112,0,0,0,7,7,7
split,crystalsys,CHGNet,0.5383860852037158,0.07860953756323284,0.28165758720466066,0.04592027916835134,0.483088276215962,0.1284779269752406,0.5383860809462411,0.07860954648306358,0.28165758294718607,0.045920278991283404,0.48308828473091125,0.12847789394429907,7,7,7,7,7,7
split,crystalsys,LEFTNet,0.5566684561116355,0.08757325271459154,0.2854794902460916,0.05348398422741579,0.4759910873004368,0.10526660141679375,0.5566684263093131,0.08757325314530709,0.2854794902460916,0.05348399760512185,0.475991074528013,0.10526661194742555,7,7,7,7,7,7
split,periodictablegroups,ALIGNN,0.6401724398136139,0.10039594187957743,0.3339981913566589,0.06120294219211533,0.2627430036664009,0.19252095827409957,0.6401724398136139,0.10039594187957743,0.3339981913566589,0.06120294219211533,0.2627430036664009,0.19252095827409957,10,10,10,10,10,10
split,periodictablegroups,CartNet,,,,,,,0.6689886033535004,0.10001554352744631,0.34512772262096403,0.05350124679192973,-0.16852450445294376,0.7952737232122649,0,0,0,10,10,10
split,periodictablegroups,CGCNN,,,,,,,0.6200539082288742,0.09554085597396716,0.32638870775699613,0.07441008529133408,0.2869663029210642,0.19181305730000028,0,0,0,10,10,10
split,periodictablegroups,CHGNet,0.566267266869545,0.08343756713129581,0.30765676498413086,0.057932352789621694,0.34614072889089587,0.2583821728641516,0.5662672907114029,0.08343757426232008,0.3076567769050598,0.05793237714053065,0.3461407020688057,0.2583822552465932,10,10,10,10,10,10
split,periodictablegroups,LEFTNet,0.579368281364441,0.08897515936000798,0.3238866120576859,0.09698921271546543,0.37690670490264894,0.17446966645817402,0.5793682932853699,0.08897516057703987,0.3238866150379181,0.09698922408746745,0.37690672278404236,0.17446965439253878,10,10,10,10,10,10
split_no_pretrain,chemsys,ALIGNN,0.5940851479768753,0.08040578143834055,0.2950372099876404,0.04530517482384812,0.3983764320611954,0.12489997619251952,0.5940851479768753,0.08040578143834055,0.2950372099876404,0.04530517482384812,0.3983764320611954,0.12489997619251952,10,10,10,10,10,10
split_no_pretrain,chemsys,CartNet,0.687452495098114,0.06892050439047026,0.3283312439918518,0.03427348589209446,0.194090149179101,0.23211018839859768,0.6874525010585785,0.06892049489756562,0.32833124697208405,0.034273505527957535,0.18323419690132142,0.2713522328005431,10,10,10,10,10,10
split_no_pretrain,chemsys,CGCNN,0.601110914349556,0.07448111551669169,0.30169232934713364,0.04031805103223302,0.34515801146626474,0.13712653312511455,0.601110914349556,0.07448111551669169,0.30169232934713364,0.04031805103223302,0.34515801146626474,0.13712653312511455,10,10,10,10,10,10
split_no_pretrain,chemsys,CHGNet,0.7108615100383758,0.13455579595283698,0.36620454490184784,0.03654705001113917,0.19709950238466262,0.3060739816913656,0.7108614981174469,0.1345558025131617,0.3662045538425446,0.036547053121393044,0.19709949642419816,0.3060739513420502,10,10,10,10,10,10
split_no_pretrain,chemsys,LEFTNet,0.613843423128128,0.03660293652007415,0.331040158867836,0.036278645025033744,0.37181288152933123,0.07958300869113107,0.6138434171676636,0.03660293612361437,0.33104016482830045,0.03627863206845238,0.37181284129619596,0.07958302024209665,10,10,10,10,10,10
split_no_pretrain,chemsys,Linear Regression,0.6603666137723281,0.04671415262046349,0.3606804909123467,0.032537227858598125,0.3276980503036831,0.09425477032819055,0.6603666137723281,0.04671415262046349,0.3606804909123467,0.032537227858598125,0.3276980503036831,0.09425477032819055,10,10,10,10,10,10
split_no_pretrain,chemsys,Random Forest,0.5499083948543928,0.060948712484580315,0.3028147376325446,0.04357197396450015,0.49384560139055955,0.1045810248486045,0.5499083948543928,0.060948712484580315,0.3028147376325446,0.04357197396450015,0.49384560139055955,0.1045810248486045,10,10,10,10,10,10
split_no_pretrain,chemsys,Support Vector Regression,0.5433920435518422,0.05890890125217692,0.29402124896967796,0.045568860550639495,0.47657811783961535,0.10412730323766267,0.5433920435518422,0.05890890125217692,0.29402124896967796,0.045568860550639495,0.47657811783961535,0.10412730323766267,10,10,10,10,10,10
split_no_pretrain,crystalsys,ALIGNN,0.6433506309986115,0.12510765415716985,0.3036861504827227,0.03905407735548472,0.3300825080701283,0.21288149939296913,0.6433506309986115,0.12510765415716985,0.3036861504827227,0.03905407735548472,0.3300825080701283,0.21288149939296913,7,7,7,7,7,7
split_no_pretrain,crystalsys,CartNet,0.7462298955236163,0.2049016869329831,0.33282558407102314,0.06545862637055075,0.020220024245125905,0.485745115157234,0.746229921068464,0.20490170307637134,0.3328255776848112,0.06545862656569383,0.01853821107319423,0.48235979472993207,7,7,7,7,7,7
split_no_pretrain,crystalsys,CGCNN,0.6165310612746647,0.09813863848083626,0.3192993232182094,0.04577549446959901,0.355796679854393,0.16316604680342417,0.6165310612746647,0.09813863848083626,0.3192993232182094,0.04577549446959901,0.355796679854393,0.16316604680342417,7,7,7,7,7,7
split_no_pretrain,crystalsys,CHGNet,0.7077659879411969,0.14406046531288724,0.3748775635446821,0.0640950946336212,0.23698962586266653,0.32011078189744707,0.7077659709112984,0.14406048704956287,0.3748775507722582,0.06409510336587021,0.23698963012014115,0.3201108201219664,7,7,7,7,7,7
split_no_pretrain,crystalsys,LEFTNet,0.6475037591797965,0.08124535523745713,0.344399950334004,0.04611611878256517,0.3379022710557495,0.15148547303521398,0.647503742149898,0.0812453614084293,0.3443999631064279,0.04611611189090745,0.3379022950040443,0.15148546550728828,7,7,7,7,7,7
split_no_pretrain,crystalsys,Linear Regression,0.7006100714403093,0.12960277487306376,0.3792945853110808,0.0755360842858991,0.23554178554225835,0.28632054587312994,0.7006100714403093,0.12960277487306376,0.3792945853110808,0.0755360842858991,0.23554178554225835,0.28632054587312994,7,7,7,7,7,7
split_no_pretrain,crystalsys,Random Forest,0.5867506454907332,0.08672092048195133,0.3183705678871741,0.049415295458246945,0.46502562473421566,0.08456551479080726,0.5867506454907332,0.08672092048195133,0.3183705678871741,0.049415295458246945,0.46502562473421566,0.08456551479080726,7,7,7,7,7,7
split_no_pretrain,crystalsys,Support Vector Regression,0.5752219110315266,0.0802363401712678,0.30689385021965176,0.04390359461603109,0.44386768155093165,0.12268199057937207,0.5752219110315266,0.0802363401712678,0.30689385021965176,0.04390359461603109,0.44386768155093165,0.12268199057937207,7,7,7,7,7,7
split_no_pretrain,periodictablegroups,ALIGNN,0.6788118481636047,0.10297060334090877,0.3421724259853363,0.051660970805731,0.17886211350560188,0.2511864237878274,0.6788118481636047,0.10297060334090877,0.3421724259853363,0.051660970805731,0.17886211350560188,0.2511864237878274,10,10,10,10,10,10
split_no_pretrain,periodictablegroups,CartNet,0.7570334374904633,0.09229686456979559,0.38155871629714966,0.08264844652657513,-0.0331206388771534,0.2743707971286059,0.7570334196090698,0.09229684563207681,0.3815587103366852,0.08264842774463661,-0.03494969322346151,0.288533317391834,10,10,10,10,10,10
split_no_pretrain,periodictablegroups,CGCNN,0.7155686736106872,0.0825672189801487,0.37763598561286926,0.07710161398475603,0.0960022379644215,0.16373611690607015,0.7155686736106872,0.0825672189801487,0.37763598561286926,0.07710161398475603,0.0960022379644215,0.16373611690607015,10,10,10,10,10,10
split_no_pretrain,periodictablegroups,CHGNet,0.7644058465957642,0.13130265301009791,0.3701195865869522,0.05244007733386217,-0.05730424746870995,0.38650985260300796,0.7644058465957642,0.13130265301009791,0.3701195865869522,0.05244007733386217,-0.057304241508245465,0.3865098533421539,10,10,10,10,10,10
split_no_pretrain,periodictablegroups,LEFTNet,0.8322914004325866,0.1905463643597286,0.44829754829406737,0.18328368145724877,-0.22259400337934493,0.490302256369321,0.8322914004325866,0.19054635981706566,0.44829754531383514,0.1832836846433122,-0.2225940130650997,0.49030227335404253,10,10,10,10,10,10
split_no_pretrain,periodictablegroups,Linear Regression,0.9130566588639111,0.2609643635618547,0.48051094474986994,0.11266150190982581,-0.5817223673697197,0.8849011606607177,0.9130566588639111,0.2609643635618547,0.48051094474986994,0.11266150190982581,-0.5817223673697197,0.8849011606607177,10,10,10,10,10,10
split_no_pretrain,periodictablegroups,Random Forest,0.6826666803317198,0.09586471249024413,0.38557360814508007,0.1031266563116839,0.22816280519839718,0.17308329268381917,0.6826666803317198,0.09586471249024413,0.38557360814508007,0.1031266563116839,0.22816280519839718,0.17308329268381917,10,10,10,10,10,10
split_no_pretrain,periodictablegroups,Support Vector Regression,0.7732101483069408,0.26450003460348115,0.4000289066158664,0.09687119607208965,-0.05135261524610588,0.6277228623842548,0.7732101483069408,0.26450003460348115,0.4000289066158664,0.09687119607208965,-0.05135261524610588,0.6277228623842548,10,10,10,10,10,10
train_from_scratch,,ALIGNN,0.572703379392624,0.07295911405201862,0.28824025094509126,0.05131925022715509,0.4213461697101593,0.11654613594570856,0.5859409689903259,0.054331826476998864,0.2858089104294777,0.02549605435114123,0.3693527773022652,0.09012397840699725,10,10,10,10,10,10
train_from_scratch,,CartNet,0.6595750689506531,0.09244115522465135,0.3218551993370056,0.048053594729656236,0.2135329248383641,0.22132868785830356,0.7377701282501221,0.047848830693002595,0.3368818640708923,0.015483218721814495,-0.34170029666274787,1.0299350601568575,10,10,10,10,10,10
train_from_scratch,,CGCNN,0.5659988254308701,0.044252478700332686,0.27694594860076904,0.029729788640591656,0.4245786666870117,0.09204976454245684,0.5760227143764496,0.019068691044637057,0.27051645815372466,0.016692729228844145,0.31313437074422834,0.05147120252850405,10,10,10,10,10,10
train_from_scratch,,CHGNet,0.6338007867336273,0.0552647179433006,0.3326995313167572,0.03823533135490287,0.2997660456225276,0.1354058090441538,0.6129967987537384,0.02212490872249012,0.29937496185302737,0.01020274345747317,0.29762468338012693,0.056410099103484254,10,10,10,10,10,10
train_from_scratch,,LEFTNet,0.6143940389156342,0.0506060959269765,0.32185138761997223,0.04320893313425105,0.3609448954463005,0.1027475643116804,0.6158580601215362,0.02004714678153443,0.30687510669231416,0.0118961218938401,0.24576392974704503,0.12986112728738433,10,10,10,10,10,10
train_from_scratch,,Linear Regression,0.6501681905249954,0.05549699212446803,0.35580676698036917,0.04934653727154454,0.35670784479249223,0.06727332075143598,0.6368932941572713,0.014209370738118083,0.33161982197540524,0.005421561590564508,0.30627209073533146,0.0077687937679073015,10,10,10,10,10,10
train_from_scratch,,Random Forest,0.5407143337108467,0.04650493694301985,0.2955027558773563,0.036694754753722685,0.5104059504993578,0.05405951398668071,0.5350433355218135,0.007290638603911088,0.28424381196722576,0.004962562367121565,0.45283346844397554,0.015539234163645473,10,10,10,10,10,10
train_from_scratch,,Support Vector Regression,0.5435219424182073,0.06485998367458616,0.2934738704109842,0.050746804315964275,0.4797633150584903,0.09806607963058209,0.5098397732890969,0.013495923847855418,0.26137538673665234,0.006561943910713047,0.49690166456995916,0.01793829629315371,10,10,10,10,10,10
