id,prediction
mp-1048859,
mp-1197285,
mp-1194625,
mp-27966,
mp-5338,
mp-1202170,
mp-149,
mp-758562,
mp-1120739,
mp-23485,
mp-1190364,
mp-5048,
mp-1198529,
mp-1227335,
mp-2815,
mp-5777,
mp-1199715,
mp-27488,
mp-1103351,
mp-1191976,
mp-19407,
mp-19017,
mp-1201213,
mp-5955,
mp-1536,
mp-3934,
mp-556070,
mp-559200,
mp-641923,
mp-571293,
mp-985831,
mp-1112980,
mp-19387,
mp-22914,
mp-1192395,
mp-3378,
mp-1105399,
mp-66,
mp-1039,
mp-19202,
mp-15222,
mp-561134,
mp-1219562,
mp-10182,
mp-20407,
mp-1009755,
mp-13287,
mp-1020712,
mp-541378,
mp-11116,
mp-570887,
mp-15998,
mp-1197022,
mp-29751,
mp-757766,
mp-1103709,
mp-18783,
mp-1209628,
mp-29746,
mp-1186,
mp-1105235,
mp-1195574,
mp-5045,
mp-5928,
mp-1192057,
mp-554820,
mp-1672,
mp-19260,
mp-19511,
mp-909,
mp-1192532,
mp-23054,
mp-752467,
mp-998611,
mp-4809,
mp-1228486,
mp-1195633,
mp-36111,
mp-28549,
mp-29502,
mp-19219,
mp-15223,
mp-1209316,
mp-17254,
mp-7988,
mp-759307,
mp-1203522,
mp-569548,
mp-20072,
mp-23218,
mp-4636,
mp-18685,
mp-9380,
mp-21766,
mp-29678,
mp-1227709,
mp-2624,
mp-2423265,
mp-1205823,
mp-557436,
mp-7140,
mp-218,
mp-15649,
mp-27629,
mp-19853,
mp-974307,
mp-777049,
mp-542314,
mp-3006,
mp-569152,
mp-634,
mp-510062,
mp-1227508,
mp-18601,
mp-31760,
mp-1214786,
mp-757031,
mp-3744,
mp-27871,
mp-3771,
mp-557089,
mp-1190100,
mp-1105187,
mp-567290,
mp-3748,
mp-22939,
mp-3870,
mp-12491,
mp-22590,
mp-9921,
mp-570437,
mp-23074,
mp-550553,
mp-558753,
mp-7090,
mp-23380,
mp-9195,
mp-559736,
mp-2074,
mp-13944,
mp-1199321,
mp-1153,
mp-14659,
mp-2659,
mp-1206466,
mp-1223442,
mp-555560,
mp-1222860,
mp-1190093,
mp-1105822,
mp-11020,
mp-997618,
mp-755882,
mp-572892,
mp-19039,
mp-542812,
mp-1216778,
mp-20187,
mp-1479,
mp-984519,
mp-1105692,
mp-18556,
mp-638086,
mp-985591,
mp-1223734,
mp-504651,
mp-559171,
mp-23956,
mp-1120792,
mp-34141,
mp-28453,
